"slug","kind","display","value","currency","precision","as_of","period_start","period_end","scope","population","status","source_label","source_url","published_at","recorded_at","checked_at","supersedes","notes"
"listen-labs","annual_run_rate","~$30M annualised","30000000","USD","approximate","","","","company","","reported","","https://techcrunch.com/2026/09/09/ai-research-startup-listen-labs-scrubbed-a-1-5b-funding-round-for-salesforce-talks/","2026-09-09","2026-09-12","2026-09-12","","TechCrunch reports 'about $30 million in annualized revenue'. Annualised run rate, not audited ARR, and the reporting does not give an as-of date."
"listen-labs","headcount","undisclosed","","","unknown","","","","company","team_unspecified","unclassified","","https://techcrunch.com/2026/09/09/ai-research-startup-listen-labs-scrubbed-a-1-5b-funding-round-for-salesforce-talks/","2026-09-09","2026-09-12","2026-09-12","","Neither the press coverage nor the company site states a headcount, so revenue per human cannot be computed. Recorded explicitly so the gap is visible rather than absent."
"polsia","annual_run_rate","~$10M","","USD","unknown","","","","","","reported","","https://pulse2.com/polsia-30-million-at-250-million-valuation-raised-for-ai-operations-platform/","","2026-09-12","","","Imported from the existing research record; source not rechecked during import. Missing dates remain unknown."
"polsia","headcount","1","1","","unknown","","","","","team_unspecified","unclassified","","https://pulse2.com/polsia-30-million-at-250-million-valuation-raised-for-ai-operations-platform/","","2026-09-12","","","Imported from the existing research record; source not rechecked during import. Missing dates remain unknown."
"nanocorp","arr","$193K (claimed)","193000","USD","exact","","","","","","disputed","","https://www.alexisbouchez.com/reviews/2026/03/30/nanocorp","","2026-09-12","","","Imported from the existing research record; source not rechecked during import. Missing dates remain unknown."
"nanocorp","headcount","1","1","","unknown","","","","","team_unspecified","unclassified","","https://www.ycombinator.com/companies/nanocorp","","2026-09-12","","","Imported from the existing research record; source not rechecked during import. Missing dates remain unknown."
"chainopera-ai","headcount","40+ reported team","40","","lower_bound","","","","","team_unspecified","unclassified","","https://www.theblock.co/post/332347/chainopera-ai-raised-17-million-in-seed-funding-to-build-blockchain-l1-and-ai-os-for-ai-agents","","2026-09-12","","","Imported from the existing research record; source not rechecked during import. Missing dates remain unknown."
"wordware","headcount","15","15","","unknown","2024-11","","","","team_unspecified","unclassified","","https://www.forbes.com/sites/dariashunina/2024/11/27/how-wordware-secured-30m-seed-in-7-days/","","2026-09-12","","","Imported from the existing research record; source not rechecked during import. Missing dates remain unknown."
"semio","headcount","7","7","","unknown","","","","","team_unspecified","unclassified","","https://tracxn.com/d/companies/semio/__BjN5hbn1zB_pkpRlyXAAgGbYOUmuxV496mQpEjKqmfA","","2026-09-12","","","Imported from the existing research record; source not rechecked during import. Missing dates remain unknown."
"base44","unclassified","$3.5M at exit → $150M under Wix","","USD","unknown","","","","","","unclassified","","https://getlatka.com/blog/base44-revenue-acquired-wix/","","2026-09-12","","","Legacy entry combines pre-acquisition and post-acquisition figures; split observations supersede it."
"base44","headcount","9","9","","unknown","","","","","team_unspecified","unclassified","","https://techcrunch.com/2025/06/18/6-month-old-solo-owned-vibe-coder-base44-sells-to-wix-for-80m-cash/","","2026-09-12","","","Imported from the existing research record; source not rechecked during import. Missing dates remain unknown."
"midjourney","unclassified","~$500M","500000000","USD","approximate","","","","","","estimated","","https://sacra.com/c/midjourney/","","2026-09-12","","","Imported from the existing research record; source not rechecked during import. Missing dates remain unknown."
"midjourney","headcount","60","60","","unknown","","","","","team_unspecified","unclassified","","https://getlatka.com/companies/midjourney","","2026-09-12","","","Imported from the existing research record; source not rechecked during import. Missing dates remain unknown."
"artisan","unclassified","$5M+","5000000","USD","lower_bound","","","","","","reported","","https://techcrunch.com/2025/04/09/artisan-the-stop-hiring-humans-ai-agent-startup-raises-25m-and-is-still-hiring-humans/","","2026-09-12","","","Imported from the existing research record; source not rechecked during import. Missing dates remain unknown."
"artisan","headcount","35","35","","unknown","","","","","team_unspecified","unclassified","","https://getlatka.com/companies/artisan.co","","2026-09-12","","","Imported from the existing research record; source not rechecked during import. Missing dates remain unknown."
"lindy","unclassified","$5.1M (2024 est.)","5100000","USD","approximate","2024","","","","","estimated","","https://getlatka.com/companies/lindyai","","2026-09-12","","","Imported from the existing research record; source not rechecked during import. Missing dates remain unknown."
"lindy","headcount","52","52","","unknown","","","","","team_unspecified","unclassified","","https://tracxn.com/d/companies/lindy/__FJe0QVe6UcRHtdiPJpmyRG3livSd4eIGsIxMxz-kNPI","","2026-09-12","","","Imported from the existing research record; source not rechecked during import. Missing dates remain unknown."
"basis","headcount","76","76","","unknown","","","","","team_unspecified","unclassified","","https://getlatka.com/companies/getbasis.ai","","2026-09-12","","","Imported from the existing research record; source not rechecked during import. Missing dates remain unknown."
"delphi","headcount","37","37","","unknown","","","","","team_unspecified","unclassified","","https://tracxn.com/d/companies/delphi/__sanFr2u2e2tuCcA8J4CoLaZ1mPK11wUadGeq5Xb_Ois","","2026-09-12","","","Imported from the existing research record; source not rechecked during import. Missing dates remain unknown."
"payman","unclassified","$770K (2025 est.)","770000","USD","approximate","2025","","","","","estimated","","https://getlatka.com/companies/paymanai.com","","2026-09-12","","","Imported from the existing research record; source not rechecked during import. Missing dates remain unknown."
"payman","headcount","15","15","","unknown","","","","","team_unspecified","unclassified","","https://tracxn.com/d/companies/paymanai/__NSTYOZtZdNiGZxC0Vkul0dzUfj3ZUgPqDRNO08pHBUE","","2026-09-12","","","Imported from the existing research record; source not rechecked during import. Missing dates remain unknown."
"rentahuman","annual_run_rate","~$240K run rate (claimed $20K MRR)","240000","USD","approximate","","","","","","reported","","https://www.ycombinator.com/companies/rentahuman","","2026-09-12","","","Imported from the existing research record; source not rechecked during import. Missing dates remain unknown."
"rentahuman","headcount","3","3","","unknown","","","","","team_unspecified","unclassified","","https://www.ycombinator.com/companies/rentahuman","","2026-09-12","","","Imported from the existing research record; source not rechecked during import. Missing dates remain unknown."
"naive","annual_run_rate","Low double-digit $M run-rate (self-reported)","","USD","range","","","","","","reported","","https://siliconangle.com/2026/08/06/naive-bags-28-5m-funding-automate-creation-day-day-running-almost-business/","","2026-09-12","","","Imported from the existing research record; source not rechecked during import. Missing dates remain unknown."
"moritz","headcount","10","10","","unknown","","","","","team_unspecified","unclassified","","https://www.ycombinator.com/companies/moritz","","2026-09-12","","","Imported from the existing research record; source not rechecked during import. Missing dates remain unknown."
"minimal-ai","unclassified","7-figure (self-reported)","","USD","range","","","","","","reported","","https://www.ycombinator.com/companies/minimal-ai","","2026-09-12","","","Imported from the existing research record; source not rechecked during import. Missing dates remain unknown."
"minimal-ai","headcount","3","3","","unknown","","","","","team_unspecified","unclassified","","https://www.ycombinator.com/companies/minimal-ai","","2026-09-12","","","Imported from the existing research record; source not rechecked during import. Missing dates remain unknown."
"lunavo","headcount","2","2","","unknown","","","","","team_unspecified","unclassified","","https://www.ycombinator.com/companies/lunavo","","2026-09-12","","","Imported from the existing research record; source not rechecked during import. Missing dates remain unknown."
"beacon-health","headcount","2","2","","unknown","","","","","team_unspecified","unclassified","","https://www.ycombinator.com/companies/beacon-health","","2026-09-12","","","Imported from the existing research record; source not rechecked during import. Missing dates remain unknown."
"gamma","arr","$100M (Nov 2025)","100000000","USD","approximate","2025-11","","","","","reported","","https://techcrunch.com/2025/11/10/ai-powerpoint-killer-gamma-hits-2-1b-valuation-100m-arr-founder-says/","","2026-09-12","","","Imported from the existing research record; source not rechecked during import. Missing dates remain unknown."
"gamma","headcount","52","52","","unknown","","","","","team_unspecified","unclassified","","https://sacra.com/c/gamma/","","2026-09-12","","","Imported from the existing research record; source not rechecked during import. Missing dates remain unknown."
"retell-ai","annual_run_rate","~$60M annualized (Sacra est., Apr 2026)","60000000","USD","approximate","2026-04","","","","","estimated","","https://sacra.com/research/retell-ai-60m-yr-up-650-yoy/","","2026-09-12","","","Imported from the existing research record; source not rechecked during import. Missing dates remain unknown."
"retell-ai","headcount","Disputed headcount","","","unknown","","","","","team_unspecified","disputed","","https://leanaileaderboard.com/","","2026-09-12","","","Imported from the existing research record; source not rechecked during import. Missing dates remain unknown."
"11x","unclassified","claimed $10M; disputed ~$3M","","USD","unknown","","","","","","disputed","","https://techcrunch.com/2025/03/24/a16z-and-benchmark-backed-11x-has-been-claiming-customers-it-doesnt-have/","","2026-09-12","","","Imported from the existing research record; source not rechecked during import. Missing dates remain unknown."
"11x","headcount","77","77","","unknown","","","","","team_unspecified","unclassified","","https://tracxn.com/d/companies/11x/__P4mFd4dOZmyEt3qkI243p5AtNH1AhqMZw4A4Zd1scY4","","2026-09-12","","","Imported from the existing research record; source not rechecked during import. Missing dates remain unknown."
"egbe","headcount","5","5","","unknown","","","","","team_unspecified","unclassified","","https://www.linkedin.com/company/egbe-ai/","","2026-09-12","","","Imported from the existing research record; source not rechecked during import. Missing dates remain unknown."
"medvi","revenue","$401M sales in 2025","401000000","USD","approximate","2025-12-31","2025-01-01","2025-12-31","medvi","","reported","","https://www.nytimes.com/2026/04/02/technology/ai-billion-dollar-company-medvi.html","","2026-09-12","","","Imported from the existing research record; source not rechecked during import. Missing dates remain unknown."
"medvi","revenue_projection","$1.8B projected 2026 sales","1800000000","USD","approximate","2026","2026-01-01","2026-12-31","medvi","","reported","","https://www.nytimes.com/2026/04/02/technology/ai-billion-dollar-company-medvi.html","","2026-09-12","","","Separated from 2025 sales. Historical projection, not realized revenue; source not rechecked during import."
"medvi","headcount","2","2","","unknown","","","","","team_unspecified","unclassified","","https://www.nytimes.com/2026/04/02/technology/ai-billion-dollar-company-medvi.html","","2026-09-12","","","Imported from the existing research record; source not rechecked during import. Missing dates remain unknown."
"medvi","contractors","9","9","","unknown","","","","medvi","contractors","reported","","https://www.nytimes.com/2026/04/02/technology/ai-billion-dollar-company-medvi.html","","2026-09-12","","","Imported from the existing research record; source not rechecked during import. Missing dates remain unknown."
"gamma","arr","More than $100M ARR","100000000","USD","lower_bound","2025-11-10","","","gamma","","reported","","https://gamma.app/insights/how-we-built-a-usd100m-business-differently","2025-11-10","2026-09-12","2026-09-12","gamma-arr-import-2026-09-12","Dated source reviewed; this is not an independent financial audit or a current operating measurement."
"gamma","headcount","50 employees (founder announcement)","50","","approximate","2025-11-10","","","gamma","employees","reported","","https://gamma.app/insights/how-we-built-a-usd100m-business-differently","2025-11-10","2026-09-12","2026-09-12","gamma-headcount-import-2026-09-12","The first-party announcement says 50 employees; the legacy secondary record said 52 humans. Population and precision differ; this is not proof of a headcount reduction."
"base44","arr","~$3.5M ARR at acquisition (unconfirmed estimate)","3500000","USD","approximate","2025-06","","","base44-pre-acquisition","","estimated","","https://getlatka.com/blog/base44-revenue-acquired-wix/","","2026-09-12","2026-09-12","base44-unclassified-import-2026-09-12","Source correction says this figure was never confirmed by Wix or the founder and traces to a Reddit thread. Excluded from numeric ranking."
"base44","arr","~$150M ARR under Wix","150000000","USD","approximate","2026-05","","","base44-under-wix","","reported","","https://www.wix.com/press-room/home/post/wix-reports-first-quarter-2026-results","2026-05-13","2026-09-12","2026-09-12","","Dated source reviewed; this is not an independent financial audit or a current operating measurement."
"base44","headcount","1 founder + 8 employees","9","","exact","2025-06-18","","","base44-pre-acquisition","employees_and_founders","reported","","https://techcrunch.com/2025/06/18/6-month-old-solo-owned-vibe-coder-base44-sells-to-wix-for-80m-cash/","2025-06-18","2026-09-12","2026-09-12","base44-headcount-import-2026-09-12","Historical pre-acquisition team. No compatible post-acquisition headcount is recorded."
"polsia","annual_run_rate","Approaching $10M annual run rate","","USD","unknown","2026-05","","","polsia","","reported","","https://pulse2.com/polsia-30-million-at-250-million-valuation-raised-for-ai-operations-platform/","2026-05-25","2026-09-12","2026-09-12","polsia-annual_run_rate-import-2026-09-12","Founder claim reported by Pulse2. Approaching a milestone is not an exact amount; not ARR and excluded from numeric ranking."
"polsia","headcount","1 founder; zero employees reported","1","","exact","2026-05","","","polsia","employees_and_founders","reported","","https://pulse2.com/polsia-30-million-at-250-million-valuation-raised-for-ai-operations-platform/","2026-05-25","2026-09-12","2026-09-12","polsia-headcount-import-2026-09-12","Dated source reviewed; this is not an independent financial audit or a current operating measurement."
